assignment_id,project_id,employee_id,role,certification_required,assignment_start,assignment_end,ai_match_score,hr_approved_by,status
RA-00001,PRJ-2026-0001,EMP-0037,Instrumentation Engineer,OSHA,2025-11-15,2026-08-22,0.783,Jitendra Agarwal,Completed
RA-00002,PRJ-2026-0001,EMP-0060,Instrumentation Engineer,BOE,2025-07-01,2026-05-24,0.967,Prakash Rao,Completed
RA-00003,PRJ-2026-0001,EMP-0055,Safety Officer,IOSH,2026-03-05,2026-04-10,0.947,Ashok Singh,Active
RA-00004,PRJ-2026-0001,EMP-0024,Project Manager,IOSH,2026-03-05,2026-03-29,0.779,Ritu Bansal,Active
RA-00005,PRJ-2026-0001,EMP-0074,Mechanical Engineer,None,2025-09-27,2026-08-31,0.877,Sachin Chowdhury,On Leave
RA-00006,PRJ-2026-0001,EMP-0058,Commissioning Engineer,None,2025-11-08,2026-06-01,0.83,Shalini Chopra,Active
RA-00007,PRJ-2026-0001,EMP-0066,Safety Officer,PMP,2025-12-17,2026-08-14,0.805,Shobha Banerjee,Re-assigned
RA-00008,PRJ-2026-0001,EMP-0059,Site Engineer,PMP,2025-06-30,2026-08-12,0.736,Sarika Bhatia,Active
RA-00009,PRJ-2026-0001,EMP-0004,Procurement Lead,IOSH,2026-02-02,2026-08-21,0.964,Rekha Reddy,Active
RA-00010,PRJ-2026-0001,EMP-0071,QA/QC Engineer,IOSH,2025-09-26,2026-08-01,0.833,Lakshmi Shah,Re-assigned
RA-00011,PRJ-2026-0002,EMP-0051,Procurement Lead,Welding Level 3,2026-01-09,2026-04-27,0.775,Amit Pillai,Active
RA-00012,PRJ-2026-0002,EMP-0046,Procurement Lead,IOSH,2025-06-27,2026-10-06,0.92,Sarika Pillai,Active
RA-00013,PRJ-2026-0002,EMP-0068,Design Lead,PMP,2025-12-31,2026-09-23,0.89,Nikhil Vaidya,Active
RA-00014,PRJ-2026-0002,EMP-0020,Procurement Lead,Six Sigma,2025-12-09,2026-08-08,0.732,Ritu Malhotra,On Leave
RA-00015,PRJ-2026-0002,EMP-0067,Electrical Engineer,None,2025-07-26,2026-07-28,0.754,Vivek Sharma,Active
RA-00016,PRJ-2026-0002,EMP-0033,Procurement Lead,HAZOP Lead,2025-12-06,2026-04-14,0.873,Vikram Singh,On Leave
RA-00017,PRJ-2026-0003,EMP-0019,Mechanical Engineer,IOSH,2025-11-18,2026-07-10,0.917,Preeti Yadav,On Leave
RA-00018,PRJ-2026-0003,EMP-0025,Commissioning Engineer,PMP,2026-02-14,2026-08-22,0.961,Prakash Rao,On Leave
RA-00019,PRJ-2026-0003,EMP-0016,Instrumentation Engineer,IOSH,2025-12-07,2026-06-27,0.756,Prakash Bansal,Active
RA-00020,PRJ-2026-0003,EMP-0016,Procurement Lead,HAZOP Lead,2025-06-27,2026-09-22,0.913,Raghav Ghosh,Active
RA-00021,PRJ-2026-0003,EMP-0057,QA/QC Engineer,OSHA,2025-08-02,2026-09-09,0.738,Dinesh Joshi,Completed
RA-00022,PRJ-2026-0003,EMP-0006,Electrical Engineer,HAZOP Lead,2026-01-24,2026-05-11,0.837,Nandita Menon,Active
RA-00023,PRJ-2026-0004,EMP-0038,Commissioning Engineer,BOE,2026-01-29,2026-09-26,0.969,Raghav Srivastava,Completed
RA-00024,PRJ-2026-0004,EMP-0031,Mechanical Engineer,Six Sigma,2025-08-19,2026-10-04,0.88,Shobha Chopra,Active
RA-00025,PRJ-2026-0004,EMP-0036,QA/QC Engineer,BOE,2025-10-05,2026-07-03,0.887,Aarti Trivedi,Active
RA-00026,PRJ-2026-0004,EMP-0002,Site Engineer,None,2025-11-18,2026-05-22,0.844,Nandita Bhatia,Active
RA-00027,PRJ-2026-0004,EMP-0035,Site Engineer,None,2025-09-11,2026-05-16,0.85,Vinod Mishra,Active
RA-00028,PRJ-2026-0004,EMP-0014,Instrumentation Engineer,OSHA,2026-02-02,2026-09-18,0.962,Rohit Pandey,Re-assigned
RA-00029,PRJ-2026-0004,EMP-0054,Electrical Engineer,IBR Certified,2025-09-26,2026-05-06,0.917,Kunal Dutta,Re-assigned
RA-00030,PRJ-2026-0004,EMP-0067,Project Manager,Six Sigma,2025-08-13,2026-04-30,0.947,Neha Chowdhury,Active
RA-00031,PRJ-2026-0004,EMP-0004,Safety Officer,OSHA,2025-10-24,2026-07-05,0.92,Jitendra Dutta,Completed
RA-00032,PRJ-2026-0004,EMP-0046,Safety Officer,PMP,2025-11-15,2026-08-09,0.832,Sunita Bansal,On Leave
RA-00033,PRJ-2026-0004,EMP-0034,Design Lead,Welding Level 3,2025-10-09,2026-04-12,0.82,Rakesh Nair,On Leave
RA-00034,PRJ-2026-0005,EMP-0043,Safety Officer,BOE,2025-11-26,2026-07-29,0.927,Ravi Shah,Active
RA-00035,PRJ-2026-0005,EMP-0052,Safety Officer,None,2025-12-17,2026-04-08,0.816,Aarti Banerjee,Completed
RA-00036,PRJ-2026-0005,EMP-0044,Mechanical Engineer,PMP,2025-12-31,2026-09-05,0.801,Deepak Pillai,Re-assigned
RA-00037,PRJ-2026-0005,EMP-0040,Procurement Lead,BOE,2025-10-22,2026-04-08,0.86,Kavita Tiwari,Re-assigned
RA-00038,PRJ-2026-0005,EMP-0010,Commissioning Engineer,OSHA,2026-02-04,2026-04-19,0.869,Gopal Tiwari,Completed
RA-00039,PRJ-2026-0006,EMP-0044,Procurement Lead,PMP,2025-08-31,2026-09-14,0.95,Ravi Malhotra,Re-assigned
RA-00040,PRJ-2026-0006,EMP-0073,Site Engineer,PMP,2025-11-27,2026-06-27,0.927,Rohit Naidu,Active
RA-00041,PRJ-2026-0006,EMP-0036,Project Manager,None,2025-11-28,2026-04-24,0.966,Rohit Mehta,On Leave
RA-00042,PRJ-2026-0006,EMP-0028,Design Lead,IBR Certified,2025-10-22,2026-08-17,0.961,Kunal Vaidya,On Leave
RA-00043,PRJ-2026-0006,EMP-0057,Electrical Engineer,BOE,2025-12-14,2026-07-05,0.767,Kiran Saxena,On Leave
RA-00044,PRJ-2026-0006,EMP-0074,Electrical Engineer,HAZOP Lead,2025-09-17,2026-03-27,0.92,Divya Pandey,Completed
RA-00045,PRJ-2026-0007,EMP-0041,Procurement Lead,PMP,2026-02-11,2026-04-24,0.754,Shobha Kapoor,Re-assigned
RA-00046,PRJ-2026-0007,EMP-0075,Design Lead,OSHA,2025-07-06,2026-04-20,0.839,Anil Gupta,Re-assigned
RA-00047,PRJ-2026-0007,EMP-0030,Safety Officer,BOE,2025-11-28,2026-06-21,0.787,Rekha Singh,On Leave
RA-00048,PRJ-2026-0007,EMP-0057,Mechanical Engineer,Six Sigma,2026-02-17,2026-09-05,0.726,Harish Naidu,Active
RA-00049,PRJ-2026-0007,EMP-0008,Safety Officer,None,2026-01-06,2026-10-02,0.891,Vikram Chopra,Re-assigned
RA-00050,PRJ-2026-0007,EMP-0033,Project Manager,None,2025-08-14,2026-04-21,0.911,Meera Tiwari,Active
RA-00051,PRJ-2026-0007,EMP-0058,QA/QC Engineer,BOE,2025-10-18,2026-07-26,0.778,Anita Mukherjee,On Leave
RA-00052,PRJ-2026-0008,EMP-0070,Instrumentation Engineer,PMP,2026-03-19,2026-05-15,0.733,Dinesh Trivedi,Re-assigned
RA-00053,PRJ-2026-0008,EMP-0016,Site Engineer,OSHA,2025-08-23,2026-04-15,0.76,Manish Kapoor,Re-assigned
RA-00054,PRJ-2026-0008,EMP-0023,Design Lead,IBR Certified,2025-07-12,2026-04-15,0.75,Anjali Gupta,On Leave
RA-00055,PRJ-2026-0008,EMP-0074,Electrical Engineer,Six Sigma,2025-09-08,2026-04-23,0.839,Kunal Joshi,Active
RA-00056,PRJ-2026-0008,EMP-0013,QA/QC Engineer,PMP,2025-12-22,2026-04-20,0.828,Aarti Banerjee,Active
RA-00057,PRJ-2026-0008,EMP-0024,QA/QC Engineer,Six Sigma,2025-12-10,2026-08-21,0.808,Preeti Shah,Completed
RA-00058,PRJ-2026-0009,EMP-0013,Procurement Lead,HAZOP Lead,2026-03-12,2026-05-16,0.735,Lakshmi Singh,Active
RA-00059,PRJ-2026-0009,EMP-0048,Site Engineer,IOSH,2026-03-22,2026-06-05,0.723,Anil Mishra,Completed
RA-00060,PRJ-2026-0009,EMP-0004,Instrumentation Engineer,PMP,2026-02-15,2026-09-04,0.767,Sujata Banerjee,Active
RA-00061,PRJ-2026-0009,EMP-0069,Commissioning Engineer,PMP,2026-02-01,2026-04-27,0.948,Raghav Pandey,Re-assigned
RA-00062,PRJ-2026-0009,EMP-0023,Mechanical Engineer,IOSH,2025-07-06,2026-09-10,0.924,Harish Verma,Re-assigned
RA-00063,PRJ-2026-0009,EMP-0005,Procurement Lead,OSHA,2025-10-14,2026-08-05,0.747,Archana Nair,Re-assigned
RA-00064,PRJ-2026-0009,EMP-0067,Design Lead,OSHA,2025-07-11,2026-08-30,0.871,Sujata Joshi,On Leave
RA-00065,PRJ-2026-0009,EMP-0071,Electrical Engineer,None,2026-01-22,2026-04-30,0.859,Pooja Kapoor,Completed
RA-00066,PRJ-2026-0009,EMP-0019,Commissioning Engineer,None,2025-12-16,2026-03-29,0.821,Rakesh Singh,On Leave
RA-00067,PRJ-2026-0009,EMP-0013,Procurement Lead,OSHA,2025-10-09,2026-06-06,0.861,Shashi Pillai,Re-assigned
RA-00068,PRJ-2026-0009,EMP-0051,Procurement Lead,Welding Level 3,2025-10-29,2026-07-28,0.754,Dinesh Pillai,Completed
RA-00069,PRJ-2026-0010,EMP-0052,Electrical Engineer,Six Sigma,2026-02-08,2026-06-15,0.726,Ravi Bansal,Re-assigned
RA-00070,PRJ-2026-0010,EMP-0062,Instrumentation Engineer,Six Sigma,2025-10-17,2026-06-13,0.968,Vandana Malhotra,Active
RA-00071,PRJ-2026-0010,EMP-0008,Procurement Lead,IBR Certified,2025-12-16,2026-09-26,0.797,Nandita Chowdhury,Re-assigned
RA-00072,PRJ-2026-0010,EMP-0023,Safety Officer,IBR Certified,2026-03-08,2026-10-06,0.962,Ashok Pillai,Completed
RA-00073,PRJ-2026-0010,EMP-0069,Project Manager,Six Sigma,2025-07-05,2026-06-06,0.932,Yogesh Pandey,Active
RA-00074,PRJ-2026-0010,EMP-0006,Commissioning Engineer,OSHA,2025-07-31,2026-09-01,0.943,Madhuri Bansal,Active
RA-00075,PRJ-2026-0010,EMP-0027,Mechanical Engineer,Welding Level 3,2026-03-15,2026-10-07,0.951,Neha Reddy,Completed
RA-00076,PRJ-2026-0010,EMP-0001,Commissioning Engineer,PMP,2025-12-22,2026-07-11,0.927,Sarika Tiwari,Active
RA-00077,PRJ-2026-0010,EMP-0020,Design Lead,Welding Level 3,2025-11-10,2026-07-02,0.89,Madhuri Agarwal,Active
RA-00078,PRJ-2026-0010,EMP-0035,Electrical Engineer,IBR Certified,2025-08-22,2026-03-22,0.823,Prakash Pillai,On Leave
RA-00079,PRJ-2026-0011,EMP-0002,Electrical Engineer,IBR Certified,2025-08-05,2026-09-16,0.886,Sanjay Patel,Active
RA-00080,PRJ-2026-0011,EMP-0015,Site Engineer,IOSH,2025-07-15,2026-10-01,0.766,Anil Menon,Active
RA-00081,PRJ-2026-0011,EMP-0033,Electrical Engineer,HAZOP Lead,2025-10-27,2026-08-07,0.934,Aarti Gupta,Active
RA-00082,PRJ-2026-0011,EMP-0051,Commissioning Engineer,OSHA,2025-07-11,2026-08-28,0.752,Priya Ghosh,On Leave
RA-00083,PRJ-2026-0011,EMP-0014,Site Engineer,Welding Level 3,2026-03-03,2026-07-11,0.766,Dinesh Patel,Active
RA-00084,PRJ-2026-0011,EMP-0056,Instrumentation Engineer,PMP,2025-08-10,2026-04-12,0.756,Raghav Kumar,Active
RA-00085,PRJ-2026-0011,EMP-0065,Commissioning Engineer,Welding Level 3,2025-10-11,2026-10-07,0.862,Suresh Joshi,Completed
RA-00086,PRJ-2026-0011,EMP-0023,Safety Officer,None,2025-12-10,2026-05-07,0.734,Ashok Iyer,Completed
RA-00087,PRJ-2026-0012,EMP-0009,Commissioning Engineer,IOSH,2025-12-13,2026-07-25,0.885,Harish Verma,On Leave
RA-00088,PRJ-2026-0012,EMP-0009,Commissioning Engineer,BOE,2025-10-26,2026-05-29,0.76,Lakshmi Bansal,Active
RA-00089,PRJ-2026-0012,EMP-0015,Site Engineer,Six Sigma,2025-06-30,2026-06-04,0.724,Jitendra Menon,Active
RA-00090,PRJ-2026-0012,EMP-0042,Safety Officer,IBR Certified,2026-01-08,2026-09-22,0.891,Rajesh Mishra,Active
RA-00091,PRJ-2026-0012,EMP-0073,Project Manager,Six Sigma,2026-01-20,2026-08-22,0.911,Priya Chowdhury,Re-assigned
RA-00092,PRJ-2026-0012,EMP-0010,Project Manager,None,2025-09-06,2026-08-07,0.891,Ashok Bose,Active
RA-00093,PRJ-2026-0012,EMP-0031,Mechanical Engineer,HAZOP Lead,2025-09-27,2026-05-09,0.834,Hari Iyer,On Leave
RA-00094,PRJ-2026-0012,EMP-0069,Safety Officer,Welding Level 3,2026-01-08,2026-08-06,0.879,Kavita Mishra,Completed
RA-00095,PRJ-2026-0012,EMP-0021,Safety Officer,IBR Certified,2025-08-13,2026-03-26,0.795,Priya Dutta,On Leave
RA-00096,PRJ-2026-0012,EMP-0070,Commissioning Engineer,Six Sigma,2026-01-17,2026-05-11,0.808,Ritu Yadav,On Leave
RA-00097,PRJ-2026-0012,EMP-0059,Mechanical Engineer,None,2025-09-05,2026-06-22,0.811,Anil Tiwari,Active
RA-00098,PRJ-2026-0012,EMP-0068,Commissioning Engineer,Welding Level 3,2025-12-01,2026-04-19,0.768,Manish Vaidya,Completed
RA-00099,PRJ-2026-0013,EMP-0071,Electrical Engineer,PMP,2025-10-16,2026-08-25,0.818,Naveen Gupta,Re-assigned
RA-00100,PRJ-2026-0013,EMP-0058,QA/QC Engineer,Six Sigma,2026-02-24,2026-08-28,0.774,Lakshmi Menon,Active
RA-00101,PRJ-2026-0013,EMP-0050,Procurement Lead,Six Sigma,2025-12-20,2026-06-27,0.726,Neha Mishra,Re-assigned
RA-00102,PRJ-2026-0013,EMP-0023,QA/QC Engineer,IOSH,2025-08-29,2026-05-24,0.915,Manish Iyer,On Leave
RA-00103,PRJ-2026-0013,EMP-0041,Mechanical Engineer,Welding Level 3,2026-01-15,2026-04-06,0.953,Anil Vaidya,Re-assigned
RA-00104,PRJ-2026-0013,EMP-0068,Project Manager,OSHA,2026-02-17,2026-09-27,0.725,Hari Singh,Completed
RA-00105,PRJ-2026-0013,EMP-0012,Safety Officer,PMP,2025-12-09,2026-04-11,0.758,Neha Agarwal,Active
RA-00106,PRJ-2026-0013,EMP-0047,Instrumentation Engineer,PMP,2025-08-06,2026-06-19,0.805,Kavita Malhotra,Completed
RA-00107,PRJ-2026-0013,EMP-0013,Procurement Lead,IOSH,2026-01-04,2026-09-07,0.824,Girish Vaidya,On Leave
RA-00108,PRJ-2026-0013,EMP-0021,Procurement Lead,BOE,2025-07-25,2026-04-22,0.966,Shashi Kapoor,Active
RA-00109,PRJ-2026-0013,EMP-0019,Mechanical Engineer,OSHA,2026-03-02,2026-09-14,0.94,Naveen Mishra,On Leave
RA-00110,PRJ-2026-0014,EMP-0003,Instrumentation Engineer,PMP,2025-08-09,2026-05-22,0.863,Harish Verma,On Leave
RA-00111,PRJ-2026-0014,EMP-0073,Safety Officer,PMP,2026-02-07,2026-07-16,0.737,Meera Vaidya,Completed
RA-00112,PRJ-2026-0014,EMP-0051,Design Lead,OSHA,2025-12-12,2026-05-09,0.8,Madhuri Shah,Completed
RA-00113,PRJ-2026-0014,EMP-0064,Project Manager,Six Sigma,2025-12-26,2026-07-17,0.933,Manish Mukherjee,Completed
RA-00114,PRJ-2026-0014,EMP-0067,Project Manager,None,2025-10-10,2026-09-06,0.733,Rohit Agarwal,Completed
RA-00115,PRJ-2026-0014,EMP-0058,Electrical Engineer,PMP,2026-03-02,2026-08-10,0.907,Dinesh Dutta,Active
RA-00116,PRJ-2026-0015,EMP-0043,Procurement Lead,IBR Certified,2026-01-15,2026-05-12,0.723,Bharat Verma,Completed
RA-00117,PRJ-2026-0015,EMP-0049,Commissioning Engineer,None,2025-09-09,2026-07-11,0.729,Archana Chopra,Active
RA-00118,PRJ-2026-0015,EMP-0049,Safety Officer,PMP,2025-07-03,2026-04-01,0.826,Madhuri Joshi,Active
RA-00119,PRJ-2026-0015,EMP-0045,QA/QC Engineer,BOE,2025-12-14,2026-06-15,0.79,Anjali Bose,Active
RA-00120,PRJ-2026-0015,EMP-0011,Safety Officer,BOE,2026-01-23,2026-10-13,0.923,Anita Gupta,Active
RA-00121,PRJ-2026-0016,EMP-0023,Safety Officer,OSHA,2026-01-03,2026-05-25,0.92,Vandana Shah,Active
RA-00122,PRJ-2026-0016,EMP-0002,Project Manager,PMP,2026-02-14,2026-09-09,0.866,Shobha Dutta,Active
RA-00123,PRJ-2026-0016,EMP-0043,Site Engineer,OSHA,2026-02-22,2026-04-21,0.755,Hari Shah,Active
RA-00124,PRJ-2026-0016,EMP-0012,Site Engineer,IBR Certified,2025-08-13,2026-03-30,0.891,Neha Singh,Active
RA-00125,PRJ-2026-0016,EMP-0011,Electrical Engineer,PMP,2025-12-14,2026-06-19,0.924,Madhuri Banerjee,Re-assigned
RA-00126,PRJ-2026-0017,EMP-0061,QA/QC Engineer,IBR Certified,2025-08-08,2026-09-01,0.847,Anjali Nair,Active
RA-00127,PRJ-2026-0017,EMP-0034,Design Lead,BOE,2025-12-16,2026-04-22,0.751,Dinesh Patel,Active
RA-00128,PRJ-2026-0017,EMP-0024,Safety Officer,Welding Level 3,2025-12-29,2026-07-09,0.879,Nandita Malhotra,Re-assigned
RA-00129,PRJ-2026-0017,EMP-0053,Procurement Lead,HAZOP Lead,2025-12-01,2026-07-01,0.783,Rakesh Kapoor,Re-assigned
RA-00130,PRJ-2026-0017,EMP-0001,QA/QC Engineer,HAZOP Lead,2025-12-30,2026-10-02,0.735,Smita Trivedi,Active
RA-00131,PRJ-2026-0017,EMP-0008,Instrumentation Engineer,Six Sigma,2026-02-10,2026-04-29,0.911,Madhuri Bose,Active
RA-00132,PRJ-2026-0018,EMP-0041,Instrumentation Engineer,PMP,2026-02-17,2026-05-26,0.786,Rekha Bansal,On Leave
RA-00133,PRJ-2026-0018,EMP-0046,Mechanical Engineer,PMP,2025-07-10,2026-08-03,0.911,Anil Pillai,Active
RA-00134,PRJ-2026-0018,EMP-0025,Commissioning Engineer,IOSH,2026-03-01,2026-04-25,0.808,Shweta Dutta,Completed
RA-00135,PRJ-2026-0018,EMP-0052,Mechanical Engineer,None,2025-08-03,2026-09-09,0.756,Dinesh Mishra,On Leave
RA-00136,PRJ-2026-0018,EMP-0004,Design Lead,PMP,2025-09-08,2026-05-10,0.757,Sarika Sharma,On Leave
RA-00137,PRJ-2026-0019,EMP-0020,Instrumentation Engineer,IOSH,2025-12-01,2026-09-24,0.724,Naveen Iyer,Completed
RA-00138,PRJ-2026-0019,EMP-0044,Commissioning Engineer,IBR Certified,2025-07-11,2026-07-10,0.76,Rekha Naidu,Completed
RA-00139,PRJ-2026-0019,EMP-0030,Commissioning Engineer,None,2025-07-10,2026-06-30,0.829,Kunal Menon,On Leave
RA-00140,PRJ-2026-0019,EMP-0008,Safety Officer,OSHA,2026-02-16,2026-07-28,0.897,Raghav Malhotra,Active
RA-00141,PRJ-2026-0019,EMP-0031,Procurement Lead,None,2025-12-02,2026-07-04,0.843,Vivek Menon,Completed
RA-00142,PRJ-2026-0019,EMP-0040,Instrumentation Engineer,Six Sigma,2026-01-19,2026-05-18,0.752,Sneha Joshi,Active
RA-00143,PRJ-2026-0020,EMP-0017,Safety Officer,None,2026-02-18,2026-10-14,0.832,Mukesh Kapoor,Active
RA-00144,PRJ-2026-0020,EMP-0042,Commissioning Engineer,PMP,2025-07-22,2026-03-31,0.79,Pooja Chowdhury,Completed
RA-00145,PRJ-2026-0020,EMP-0025,Design Lead,PMP,2025-11-25,2026-04-20,0.868,Rohit Kapoor,On Leave
RA-00146,PRJ-2026-0020,EMP-0073,Mechanical Engineer,IBR Certified,2025-10-13,2026-06-10,0.94,Ashok Iyer,Re-assigned
RA-00147,PRJ-2026-0020,EMP-0042,Site Engineer,BOE,2025-07-14,2026-06-22,0.871,Usha Chopra,Active
RA-00148,PRJ-2026-0020,EMP-0058,Electrical Engineer,Welding Level 3,2025-11-01,2026-04-19,0.756,Kunal Singh,On Leave
RA-00149,PRJ-2026-0020,EMP-0032,Commissioning Engineer,IBR Certified,2025-10-06,2026-07-19,0.926,Naveen Naidu,Active
RA-00150,PRJ-2026-0020,EMP-0035,Safety Officer,None,2025-10-13,2026-05-17,0.941,Manish Pillai,Re-assigned
RA-00151,PRJ-2026-0020,EMP-0016,QA/QC Engineer,IBR Certified,2025-12-13,2026-06-06,0.92,Sneha Kapoor,On Leave
RA-00152,PRJ-2026-0021,EMP-0002,QA/QC Engineer,HAZOP Lead,2025-12-08,2026-09-12,0.794,Amit Yadav,Active
RA-00153,PRJ-2026-0021,EMP-0048,Mechanical Engineer,IOSH,2025-08-06,2026-05-11,0.816,Arun Srivastava,On Leave
RA-00154,PRJ-2026-0021,EMP-0041,Site Engineer,HAZOP Lead,2025-08-01,2026-08-09,0.769,Raghav Dutta,Completed
RA-00155,PRJ-2026-0021,EMP-0021,Instrumentation Engineer,IOSH,2025-10-08,2026-10-14,0.751,Shobha Bansal,Re-assigned
RA-00156,PRJ-2026-0021,EMP-0062,Safety Officer,IOSH,2025-10-12,2026-04-17,0.814,Amit Bhatia,Active
RA-00157,PRJ-2026-0021,EMP-0042,Electrical Engineer,IOSH,2025-10-06,2026-05-15,0.929,Priya Malhotra,Completed
RA-00158,PRJ-2026-0021,EMP-0073,Instrumentation Engineer,IBR Certified,2025-07-04,2026-10-04,0.901,Madhuri Rao,On Leave
RA-00159,PRJ-2026-0021,EMP-0009,Site Engineer,IOSH,2026-01-04,2026-09-22,0.851,Madhuri Kapoor,Active
RA-00160,PRJ-2026-0021,EMP-0047,Safety Officer,PMP,2026-02-09,2026-07-05,0.806,Vikram Banerjee,On Leave
RA-00161,PRJ-2026-0021,EMP-0070,Project Manager,BOE,2025-08-21,2026-05-07,0.917,Shashi Iyer,Re-assigned
RA-00162,PRJ-2026-0022,EMP-0027,Mechanical Engineer,IOSH,2026-01-22,2026-04-06,0.948,Aarti Mehta,Active
RA-00163,PRJ-2026-0022,EMP-0008,Procurement Lead,IBR Certified,2026-02-24,2026-05-07,0.931,Sanjay Ghosh,Active
RA-00164,PRJ-2026-0022,EMP-0006,Commissioning Engineer,Welding Level 3,2026-01-03,2026-09-13,0.845,Anil Mishra,Active
RA-00165,PRJ-2026-0022,EMP-0051,Project Manager,BOE,2025-10-25,2026-06-14,0.726,Madhuri Yadav,Re-assigned
RA-00166,PRJ-2026-0022,EMP-0009,Project Manager,Welding Level 3,2026-03-04,2026-08-26,0.777,Smita Sharma,Completed
RA-00167,PRJ-2026-0023,EMP-0075,Safety Officer,BOE,2025-12-28,2026-07-09,0.773,Girish Sharma,Active
RA-00168,PRJ-2026-0023,EMP-0037,QA/QC Engineer,BOE,2025-09-12,2026-06-10,0.817,Rekha Pillai,Re-assigned
RA-00169,PRJ-2026-0023,EMP-0033,Safety Officer,Welding Level 3,2025-10-06,2026-08-13,0.818,Preeti Malhotra,On Leave
RA-00170,PRJ-2026-0023,EMP-0004,Mechanical Engineer,BOE,2025-08-27,2026-08-27,0.766,Priya Mishra,Active
RA-00171,PRJ-2026-0023,EMP-0027,Commissioning Engineer,HAZOP Lead,2025-12-03,2026-05-20,0.924,Sarika Dutta,Active
RA-00172,PRJ-2026-0024,EMP-0073,QA/QC Engineer,Welding Level 3,2025-07-04,2026-10-12,0.797,Neha Nair,Completed
RA-00173,PRJ-2026-0024,EMP-0027,Mechanical Engineer,Six Sigma,2025-10-06,2026-06-23,0.966,Raghav Menon,On Leave
RA-00174,PRJ-2026-0024,EMP-0062,Procurement Lead,HAZOP Lead,2025-11-15,2026-09-29,0.874,Gopal Sharma,Active
RA-00175,PRJ-2026-0024,EMP-0007,Project Manager,HAZOP Lead,2026-03-22,2026-08-02,0.831,Jitendra Chowdhury,Active
RA-00176,PRJ-2026-0024,EMP-0013,Project Manager,PMP,2025-12-02,2026-05-06,0.768,Divya Pandey,Active
RA-00177,PRJ-2026-0024,EMP-0036,Electrical Engineer,IBR Certified,2025-10-21,2026-04-04,0.729,Deepak Agarwal,Active
RA-00178,PRJ-2026-0024,EMP-0034,Mechanical Engineer,Welding Level 3,2026-01-20,2026-05-09,0.906,Archana Verma,On Leave
RA-00179,PRJ-2026-0025,EMP-0002,Site Engineer,OSHA,2025-11-22,2026-06-24,0.937,Nandita Naidu,Completed
RA-00180,PRJ-2026-0025,EMP-0035,Project Manager,None,2026-02-18,2026-04-14,0.893,Neha Patel,On Leave
RA-00181,PRJ-2026-0025,EMP-0049,Project Manager,IBR Certified,2025-07-11,2026-06-30,0.928,Mukesh Nair,Active
RA-00182,PRJ-2026-0025,EMP-0074,Project Manager,OSHA,2025-10-30,2026-04-20,0.79,Naveen Pillai,Completed
RA-00183,PRJ-2026-0025,EMP-0004,QA/QC Engineer,Welding Level 3,2025-11-22,2026-04-25,0.832,Rajesh Kumar,Re-assigned
RA-00184,PRJ-2026-0025,EMP-0056,Procurement Lead,None,2025-11-24,2026-04-18,0.932,Sunita Malhotra,Completed
RA-00185,PRJ-2026-0026,EMP-0048,Mechanical Engineer,None,2025-12-29,2026-07-15,0.885,Sarika Naidu,Re-assigned
RA-00186,PRJ-2026-0026,EMP-0019,Safety Officer,PMP,2025-08-26,2026-09-04,0.865,Sarika Dutta,Completed
RA-00187,PRJ-2026-0026,EMP-0038,Design Lead,None,2025-08-26,2026-07-18,0.96,Anjali Srivastava,Completed
RA-00188,PRJ-2026-0026,EMP-0018,Safety Officer,PMP,2025-07-27,2026-06-25,0.908,Shobha Menon,Active
RA-00189,PRJ-2026-0026,EMP-0044,Procurement Lead,IOSH,2025-09-29,2026-06-02,0.878,Shalini Menon,Re-assigned
RA-00190,PRJ-2026-0027,EMP-0027,Electrical Engineer,OSHA,2025-08-20,2026-09-20,0.968,Girish Kumar,Re-assigned
RA-00191,PRJ-2026-0027,EMP-0014,Instrumentation Engineer,IBR Certified,2025-11-12,2026-05-31,0.886,Arun Mehta,Active
RA-00192,PRJ-2026-0027,EMP-0043,Mechanical Engineer,OSHA,2025-10-07,2026-04-14,0.929,Sarika Naidu,On Leave
RA-00193,PRJ-2026-0027,EMP-0067,Electrical Engineer,Welding Level 3,2025-09-24,2026-04-10,0.822,Dinesh Gupta,Active
RA-00194,PRJ-2026-0027,EMP-0059,Design Lead,Welding Level 3,2026-03-22,2026-03-29,0.962,Anita Gupta,On Leave
RA-00195,PRJ-2026-0027,EMP-0019,Site Engineer,HAZOP Lead,2025-11-19,2026-04-08,0.822,Sachin Desai,Re-assigned
RA-00196,PRJ-2026-0028,EMP-0025,Project Manager,IBR Certified,2026-03-07,2026-08-04,0.75,Kavita Patel,Active
RA-00197,PRJ-2026-0028,EMP-0033,Mechanical Engineer,OSHA,2025-08-18,2026-07-19,0.885,Rajesh Srivastava,Completed
RA-00198,PRJ-2026-0028,EMP-0044,Electrical Engineer,PMP,2025-12-06,2026-08-02,0.827,Nandita Ghosh,Active
RA-00199,PRJ-2026-0028,EMP-0006,Mechanical Engineer,IBR Certified,2025-07-10,2026-07-29,0.808,Aarti Ghosh,On Leave
RA-00200,PRJ-2026-0028,EMP-0069,Site Engineer,Six Sigma,2025-09-24,2026-04-26,0.843,Amit Mishra,Active
RA-00201,PRJ-2026-0029,EMP-0012,Mechanical Engineer,HAZOP Lead,2026-02-03,2026-09-27,0.781,Rekha Gupta,On Leave
RA-00202,PRJ-2026-0029,EMP-0049,Safety Officer,Welding Level 3,2025-07-25,2026-10-10,0.801,Lakshmi Bose,Active
RA-00203,PRJ-2026-0029,EMP-0053,Site Engineer,IBR Certified,2026-01-16,2026-05-20,0.936,Vandana Verma,Re-assigned
RA-00204,PRJ-2026-0029,EMP-0057,Site Engineer,BOE,2025-12-20,2026-06-22,0.789,Bharat Mishra,Re-assigned
RA-00205,PRJ-2026-0029,EMP-0007,QA/QC Engineer,OSHA,2025-07-01,2026-06-15,0.763,Harish Malhotra,Active
RA-00206,PRJ-2026-0029,EMP-0006,QA/QC Engineer,PMP,2025-08-16,2026-09-20,0.892,Rekha Patel,Active
RA-00207,PRJ-2026-0029,EMP-0062,Mechanical Engineer,Welding Level 3,2026-03-20,2026-07-11,0.914,Anita Nair,On Leave
RA-00208,PRJ-2026-0029,EMP-0006,QA/QC Engineer,IOSH,2025-11-28,2026-07-23,0.936,Nandita Banerjee,Active
RA-00209,PRJ-2026-0029,EMP-0057,Site Engineer,OSHA,2025-12-28,2026-09-13,0.753,Raghav Chowdhury,Active
RA-00210,PRJ-2026-0029,EMP-0057,Mechanical Engineer,PMP,2025-08-14,2026-10-13,0.897,Usha Pandey,Active
RA-00211,PRJ-2026-0029,EMP-0070,Site Engineer,Six Sigma,2025-07-23,2026-10-10,0.79,Lakshmi Bhatia,Active
RA-00212,PRJ-2026-0030,EMP-0012,QA/QC Engineer,PMP,2025-07-22,2026-07-08,0.847,Rohit Rao,Active
RA-00213,PRJ-2026-0030,EMP-0004,Design Lead,OSHA,2025-12-17,2026-05-01,0.769,Tarun Pillai,Completed
RA-00214,PRJ-2026-0030,EMP-0072,QA/QC Engineer,None,2026-02-16,2026-03-30,0.884,Nandita Yadav,Active
RA-00215,PRJ-2026-0030,EMP-0072,Project Manager,Welding Level 3,2025-12-09,2026-09-11,0.795,Shalini Tiwari,Active
RA-00216,PRJ-2026-0030,EMP-0048,Project Manager,BOE,2026-03-16,2026-09-20,0.851,Prakash Saxena,Re-assigned
RA-00217,PRJ-2026-0031,EMP-0039,Design Lead,PMP,2025-11-18,2026-06-18,0.92,Manish Ghosh,On Leave
RA-00218,PRJ-2026-0031,EMP-0062,Commissioning Engineer,OSHA,2025-12-24,2026-07-11,0.858,Nikhil Pillai,Active
RA-00219,PRJ-2026-0031,EMP-0019,Design Lead,BOE,2026-01-07,2026-04-07,0.737,Yogesh Patel,Re-assigned
RA-00220,PRJ-2026-0031,EMP-0022,Commissioning Engineer,Six Sigma,2025-09-18,2026-08-22,0.927,Mukesh Singh,On Leave
RA-00221,PRJ-2026-0032,EMP-0042,Electrical Engineer,IBR Certified,2025-12-14,2026-04-30,0.902,Sarika Tiwari,On Leave
RA-00222,PRJ-2026-0032,EMP-0029,Design Lead,None,2025-07-05,2026-07-06,0.882,Dinesh Menon,Active
RA-00223,PRJ-2026-0032,EMP-0067,QA/QC Engineer,None,2026-02-12,2026-06-30,0.87,Mukesh Patel,Re-assigned
RA-00224,PRJ-2026-0032,EMP-0011,Design Lead,IBR Certified,2025-09-14,2026-08-08,0.818,Shweta Joshi,Completed
RA-00225,PRJ-2026-0033,EMP-0042,QA/QC Engineer,None,2025-07-04,2026-06-16,0.817,Shobha Saxena,Active
RA-00226,PRJ-2026-0033,EMP-0072,Instrumentation Engineer,IOSH,2025-07-25,2026-07-24,0.743,Smita Joshi,Re-assigned
RA-00227,PRJ-2026-0033,EMP-0067,Instrumentation Engineer,OSHA,2025-11-14,2026-05-10,0.787,Prakash Malhotra,Re-assigned
RA-00228,PRJ-2026-0033,EMP-0066,Commissioning Engineer,PMP,2025-10-08,2026-08-18,0.862,Rakesh Agarwal,Active
RA-00229,PRJ-2026-0033,EMP-0043,Procurement Lead,Six Sigma,2025-10-31,2026-08-12,0.869,Tarun Pillai,Re-assigned
RA-00230,PRJ-2026-0033,EMP-0018,QA/QC Engineer,Welding Level 3,2025-09-18,2026-04-19,0.856,Anil Desai,On Leave
RA-00231,PRJ-2026-0033,EMP-0075,Procurement Lead,IOSH,2026-01-21,2026-04-16,0.901,Sneha Kapoor,Active
RA-00232,PRJ-2026-0033,EMP-0044,Design Lead,None,2025-09-12,2026-08-17,0.818,Madhuri Chopra,Re-assigned
RA-00233,PRJ-2026-0033,EMP-0059,Procurement Lead,PMP,2026-01-07,2026-08-14,0.871,Aarti Reddy,On Leave
RA-00234,PRJ-2026-0033,EMP-0071,Electrical Engineer,IBR Certified,2026-02-16,2026-08-31,0.923,Aarti Banerjee,On Leave
RA-00235,PRJ-2026-0033,EMP-0071,Instrumentation Engineer,HAZOP Lead,2025-07-04,2026-05-26,0.825,Prakash Singh,On Leave
RA-00236,PRJ-2026-0033,EMP-0063,Instrumentation Engineer,OSHA,2025-07-22,2026-06-29,0.817,Deepak Rao,Active
RA-00237,PRJ-2026-0034,EMP-0047,Project Manager,IBR Certified,2026-02-15,2026-08-08,0.747,Girish Chopra,Active
RA-00238,PRJ-2026-0034,EMP-0013,Electrical Engineer,Welding Level 3,2026-03-02,2026-05-02,0.862,Rajesh Reddy,Completed
RA-00239,PRJ-2026-0034,EMP-0036,QA/QC Engineer,Six Sigma,2025-11-19,2026-08-20,0.775,Raghav Chowdhury,Completed
RA-00240,PRJ-2026-0034,EMP-0071,Safety Officer,Welding Level 3,2026-01-04,2026-10-13,0.858,Anil Mehta,Active
RA-00241,PRJ-2026-0034,EMP-0050,Commissioning Engineer,BOE,2026-03-14,2026-09-07,0.743,Shalini Vaidya,Completed
RA-00242,PRJ-2026-0035,EMP-0016,Site Engineer,Welding Level 3,2025-08-26,2026-08-23,0.781,Sujata Menon,Active
RA-00243,PRJ-2026-0035,EMP-0029,QA/QC Engineer,OSHA,2026-03-21,2026-08-18,0.888,Divya Saxena,Re-assigned
RA-00244,PRJ-2026-0035,EMP-0050,Mechanical Engineer,Welding Level 3,2025-11-24,2026-09-23,0.932,Mukesh Bose,On Leave
RA-00245,PRJ-2026-0035,EMP-0020,Electrical Engineer,Six Sigma,2026-03-11,2026-06-02,0.911,Neha Banerjee,On Leave
RA-00246,PRJ-2026-0035,EMP-0068,Safety Officer,PMP,2026-03-12,2026-06-13,0.847,Ashok Bose,Re-assigned
RA-00247,PRJ-2026-0035,EMP-0027,Safety Officer,IOSH,2026-02-11,2026-05-18,0.929,Archana Mishra,Active
RA-00248,PRJ-2026-0035,EMP-0052,Commissioning Engineer,Welding Level 3,2025-10-13,2026-07-20,0.821,Rohit Malhotra,Active
RA-00249,PRJ-2026-0035,EMP-0049,Instrumentation Engineer,None,2026-03-10,2026-04-26,0.954,Rohit Patel,On Leave
RA-00250,PRJ-2026-0035,EMP-0003,Electrical Engineer,PMP,2025-09-19,2026-07-13,0.725,Divya Bose,On Leave
RA-00251,PRJ-2026-0035,EMP-0012,Electrical Engineer,HAZOP Lead,2025-09-25,2026-08-21,0.787,Hari Khanna,On Leave
RA-00252,PRJ-2026-0035,EMP-0021,Design Lead,Welding Level 3,2025-07-01,2026-05-18,0.853,Manish Kumar,On Leave
RA-00253,PRJ-2026-0036,EMP-0007,Commissioning Engineer,OSHA,2025-12-31,2026-09-25,0.874,Lakshmi Singh,Completed
RA-00254,PRJ-2026-0036,EMP-0011,Procurement Lead,HAZOP Lead,2025-08-03,2026-09-10,0.793,Kunal Bhatia,Completed
RA-00255,PRJ-2026-0036,EMP-0024,Commissioning Engineer,Six Sigma,2025-10-14,2026-09-06,0.85,Sanjay Shah,Re-assigned
RA-00256,PRJ-2026-0036,EMP-0007,Instrumentation Engineer,IOSH,2025-10-26,2026-05-31,0.838,Divya Menon,Active
RA-00257,PRJ-2026-0036,EMP-0003,Commissioning Engineer,OSHA,2026-02-16,2026-04-04,0.745,Sachin Nair,Re-assigned
RA-00258,PRJ-2026-0036,EMP-0016,Mechanical Engineer,BOE,2025-09-15,2026-04-16,0.765,Girish Nair,Active
RA-00259,PRJ-2026-0036,EMP-0002,Safety Officer,IOSH,2025-11-03,2026-06-09,0.923,Yogesh Mukherjee,Active
RA-00260,PRJ-2026-0036,EMP-0051,Design Lead,IOSH,2026-02-26,2026-06-20,0.759,Meera Kapoor,Re-assigned
RA-00261,PRJ-2026-0036,EMP-0048,Instrumentation Engineer,HAZOP Lead,2025-07-29,2026-08-17,0.834,Madhuri Reddy,Active
RA-00262,PRJ-2026-0037,EMP-0021,Instrumentation Engineer,IBR Certified,2026-02-16,2026-07-14,0.754,Sneha Dutta,Re-assigned
RA-00263,PRJ-2026-0037,EMP-0063,Electrical Engineer,BOE,2025-08-28,2026-06-06,0.837,Preeti Chatterjee,Completed
RA-00264,PRJ-2026-0037,EMP-0074,Electrical Engineer,HAZOP Lead,2025-06-27,2026-07-06,0.762,Kunal Banerjee,Active
RA-00265,PRJ-2026-0037,EMP-0005,Commissioning Engineer,OSHA,2025-09-15,2026-08-03,0.749,Usha Yadav,On Leave
RA-00266,PRJ-2026-0037,EMP-0049,QA/QC Engineer,PMP,2026-03-10,2026-07-30,0.842,Dinesh Verma,Active
RA-00267,PRJ-2026-0037,EMP-0056,Design Lead,None,2026-01-10,2026-05-05,0.918,Ritu Kapoor,Active
RA-00268,PRJ-2026-0037,EMP-0003,Commissioning Engineer,None,2025-11-13,2026-06-16,0.82,Madhuri Dutta,Completed
RA-00269,PRJ-2026-0038,EMP-0060,Design Lead,Six Sigma,2026-02-24,2026-08-17,0.957,Usha Gupta,Completed
RA-00270,PRJ-2026-0038,EMP-0048,Project Manager,PMP,2025-07-27,2026-07-12,0.942,Shobha Bhatia,Active
RA-00271,PRJ-2026-0038,EMP-0038,Safety Officer,BOE,2025-07-21,2026-10-08,0.953,Shobha Ghosh,Active
RA-00272,PRJ-2026-0038,EMP-0046,Safety Officer,Welding Level 3,2025-10-15,2026-06-11,0.761,Ravi Iyer,Active
RA-00273,PRJ-2026-0038,EMP-0072,QA/QC Engineer,IBR Certified,2026-03-10,2026-06-10,0.775,Kiran Pandey,Active
RA-00274,PRJ-2026-0038,EMP-0058,Electrical Engineer,PMP,2025-07-30,2026-07-22,0.875,Sneha Pandey,Active
RA-00275,PRJ-2026-0038,EMP-0067,Instrumentation Engineer,OSHA,2025-08-10,2026-04-07,0.842,Dinesh Mukherjee,Active
RA-00276,PRJ-2026-0039,EMP-0073,Procurement Lead,OSHA,2026-01-03,2026-07-14,0.803,Madhuri Bose,Active
RA-00277,PRJ-2026-0039,EMP-0035,Design Lead,IOSH,2025-12-12,2026-09-25,0.874,Prakash Tiwari,Active
RA-00278,PRJ-2026-0039,EMP-0006,Project Manager,HAZOP Lead,2026-03-16,2026-09-14,0.769,Bharat Pillai,On Leave
RA-00279,PRJ-2026-0039,EMP-0020,Electrical Engineer,BOE,2025-11-12,2026-08-26,0.72,Vikram Menon,Active
RA-00280,PRJ-2026-0039,EMP-0034,Mechanical Engineer,OSHA,2025-11-30,2026-06-21,0.949,Arun Banerjee,Active
RA-00281,PRJ-2026-0039,EMP-0011,Mechanical Engineer,PMP,2025-09-13,2026-06-20,0.959,Aarti Chowdhury,Re-assigned
RA-00282,PRJ-2026-0039,EMP-0071,Safety Officer,PMP,2025-06-26,2026-09-09,0.887,Rekha Saxena,Re-assigned
RA-00283,PRJ-2026-0039,EMP-0036,Instrumentation Engineer,Welding Level 3,2025-11-27,2026-03-24,0.726,Naveen Chopra,Completed
RA-00284,PRJ-2026-0039,EMP-0066,QA/QC Engineer,None,2025-08-27,2026-10-05,0.958,Vivek Khanna,Active
RA-00285,PRJ-2026-0039,EMP-0019,Procurement Lead,Welding Level 3,2025-11-30,2026-08-16,0.836,Suresh Gupta,Active
RA-00286,PRJ-2026-0039,EMP-0070,Procurement Lead,PMP,2025-08-23,2026-04-11,0.82,Bharat Joshi,Completed
RA-00287,PRJ-2026-0039,EMP-0011,Commissioning Engineer,IOSH,2025-07-19,2026-05-02,0.737,Anil Singh,On Leave
RA-00288,PRJ-2026-0040,EMP-0056,Design Lead,Six Sigma,2025-07-23,2026-10-11,0.803,Sarika Reddy,Completed
RA-00289,PRJ-2026-0040,EMP-0031,Mechanical Engineer,None,2025-09-01,2026-05-21,0.774,Divya Kapoor,Completed
RA-00290,PRJ-2026-0040,EMP-0032,Instrumentation Engineer,IOSH,2025-10-01,2026-09-08,0.869,Nandita Mishra,Active
RA-00291,PRJ-2026-0040,EMP-0013,Site Engineer,OSHA,2026-03-18,2026-09-10,0.855,Smita Shah,Active
RA-00292,PRJ-2026-0040,EMP-0020,Project Manager,IBR Certified,2025-07-24,2026-09-03,0.728,Sneha Pandey,Active
RA-00293,PRJ-2026-0040,EMP-0046,Instrumentation Engineer,OSHA,2026-03-02,2026-09-06,0.943,Pooja Gupta,Active
RA-00294,PRJ-2026-0040,EMP-0075,Site Engineer,IBR Certified,2026-03-22,2026-03-22,0.951,Ajay Menon,On Leave
RA-00295,PRJ-2026-0040,EMP-0063,Site Engineer,HAZOP Lead,2025-10-24,2026-05-14,0.929,Vikram Vaidya,Completed
RA-00296,PRJ-2026-0040,EMP-0018,Site Engineer,None,2025-11-09,2026-09-08,0.881,Shashi Mukherjee,Active
RA-00297,PRJ-2026-0040,EMP-0064,Instrumentation Engineer,Welding Level 3,2025-10-28,2026-10-10,0.818,Pooja Menon,Active
RA-00298,PRJ-2026-0041,EMP-0058,Safety Officer,BOE,2025-10-17,2026-08-04,0.883,Sachin Tiwari,On Leave
RA-00299,PRJ-2026-0041,EMP-0031,QA/QC Engineer,PMP,2025-12-05,2026-08-18,0.835,Madhuri Iyer,Active
RA-00300,PRJ-2026-0041,EMP-0011,Project Manager,OSHA,2026-01-06,2026-09-21,0.97,Meera Iyer,Active
RA-00301,PRJ-2026-0041,EMP-0010,QA/QC Engineer,PMP,2025-10-10,2026-05-23,0.78,Naveen Bhatia,On Leave
RA-00302,PRJ-2026-0041,EMP-0016,Procurement Lead,HAZOP Lead,2025-12-05,2026-06-19,0.884,Sarika Menon,On Leave
RA-00303,PRJ-2026-0041,EMP-0025,Safety Officer,OSHA,2026-02-25,2026-10-10,0.93,Anita Khanna,On Leave
RA-00304,PRJ-2026-0041,EMP-0024,Mechanical Engineer,None,2025-08-31,2026-04-01,0.897,Anil Bose,Active
RA-00305,PRJ-2026-0041,EMP-0042,Electrical Engineer,PMP,2025-12-18,2026-10-17,0.937,Arun Khanna,On Leave
RA-00306,PRJ-2026-0041,EMP-0012,Mechanical Engineer,PMP,2026-01-06,2026-10-08,0.941,Rohit Mukherjee,Re-assigned
RA-00307,PRJ-2026-0041,EMP-0064,QA/QC Engineer,Welding Level 3,2025-12-20,2026-07-04,0.73,Rajesh Pandey,Active
RA-00308,PRJ-2026-0041,EMP-0044,Instrumentation Engineer,PMP,2025-10-01,2026-10-18,0.746,Vandana Mukherjee,Active
RA-00309,PRJ-2026-0042,EMP-0019,Safety Officer,BOE,2025-11-02,2026-06-05,0.818,Kiran Saxena,Re-assigned
RA-00310,PRJ-2026-0042,EMP-0026,Electrical Engineer,IBR Certified,2025-08-02,2026-04-17,0.868,Sneha Pillai,On Leave
RA-00311,PRJ-2026-0042,EMP-0006,QA/QC Engineer,PMP,2026-03-13,2026-07-06,0.867,Ajay Patel,On Leave
RA-00312,PRJ-2026-0042,EMP-0054,Mechanical Engineer,Welding Level 3,2025-10-12,2026-05-20,0.776,Aarti Agarwal,Active
RA-00313,PRJ-2026-0042,EMP-0005,Commissioning Engineer,HAZOP Lead,2025-09-01,2026-08-12,0.721,Sanjay Kumar,Active
RA-00314,PRJ-2026-0042,EMP-0058,Commissioning Engineer,Six Sigma,2026-03-21,2026-06-30,0.732,Vikram Chopra,Re-assigned
RA-00315,PRJ-2026-0042,EMP-0070,Electrical Engineer,IBR Certified,2025-07-09,2026-04-14,0.919,Nikhil Agarwal,Re-assigned
RA-00316,PRJ-2026-0043,EMP-0064,Instrumentation Engineer,Welding Level 3,2025-10-26,2026-04-02,0.749,Rohit Mishra,Re-assigned
RA-00317,PRJ-2026-0043,EMP-0043,Design Lead,BOE,2025-12-10,2026-10-15,0.891,Anjali Joshi,Active
RA-00318,PRJ-2026-0043,EMP-0032,Mechanical Engineer,IBR Certified,2026-01-31,2026-09-15,0.953,Jitendra Khanna,Active
RA-00319,PRJ-2026-0043,EMP-0038,QA/QC Engineer,Six Sigma,2025-12-30,2026-07-01,0.771,Arun Pandey,Active
RA-00320,PRJ-2026-0044,EMP-0040,Procurement Lead,BOE,2026-02-15,2026-09-29,0.966,Shobha Reddy,Active
RA-00321,PRJ-2026-0044,EMP-0031,Site Engineer,HAZOP Lead,2025-12-21,2026-09-19,0.911,Pooja Reddy,Re-assigned
RA-00322,PRJ-2026-0044,EMP-0069,Mechanical Engineer,BOE,2026-01-19,2026-06-17,0.887,Prakash Shah,Completed
RA-00323,PRJ-2026-0044,EMP-0012,Safety Officer,IOSH,2025-09-05,2026-03-26,0.767,Aarti Verma,Re-assigned
RA-00324,PRJ-2026-0044,EMP-0012,Site Engineer,IOSH,2026-01-07,2026-07-23,0.76,Sachin Pillai,Active
RA-00325,PRJ-2026-0044,EMP-0062,Safety Officer,IBR Certified,2025-09-29,2026-07-11,0.918,Divya Gupta,Re-assigned
RA-00326,PRJ-2026-0044,EMP-0052,Commissioning Engineer,IOSH,2025-12-15,2026-05-13,0.879,Vandana Saxena,Active
RA-00327,PRJ-2026-0044,EMP-0009,Commissioning Engineer,None,2025-07-31,2026-07-11,0.801,Sarika Pillai,Active
RA-00328,PRJ-2026-0045,EMP-0058,Commissioning Engineer,IBR Certified,2025-09-22,2026-10-14,0.967,Vinod Pandey,Active
RA-00329,PRJ-2026-0045,EMP-0044,Electrical Engineer,IBR Certified,2025-10-12,2026-06-22,0.741,Rekha Gupta,Re-assigned
RA-00330,PRJ-2026-0045,EMP-0067,Procurement Lead,OSHA,2026-01-12,2026-06-19,0.844,Lakshmi Joshi,Active
RA-00331,PRJ-2026-0045,EMP-0005,Safety Officer,Welding Level 3,2025-10-14,2026-06-03,0.926,Sneha Kumar,Active
RA-00332,PRJ-2026-0046,EMP-0039,Design Lead,HAZOP Lead,2025-09-09,2026-09-09,0.79,Kunal Yadav,Active
RA-00333,PRJ-2026-0046,EMP-0068,Safety Officer,OSHA,2025-07-10,2026-08-01,0.905,Mukesh Verma,Active
RA-00334,PRJ-2026-0046,EMP-0037,Safety Officer,IOSH,2026-02-03,2026-09-13,0.953,Raghav Srivastava,Active
RA-00335,PRJ-2026-0046,EMP-0047,Site Engineer,OSHA,2025-11-07,2026-04-05,0.803,Gopal Reddy,Active
RA-00336,PRJ-2026-0047,EMP-0075,Site Engineer,Welding Level 3,2026-02-25,2026-08-09,0.798,Dinesh Naidu,Re-assigned
RA-00337,PRJ-2026-0047,EMP-0011,Procurement Lead,BOE,2025-10-21,2026-05-30,0.884,Ravi Tiwari,Active
RA-00338,PRJ-2026-0047,EMP-0040,Electrical Engineer,OSHA,2025-10-03,2026-08-11,0.905,Meera Patel,Active
RA-00339,PRJ-2026-0047,EMP-0001,Site Engineer,None,2026-03-01,2026-06-20,0.922,Ritu Pillai,Active
RA-00340,PRJ-2026-0047,EMP-0034,Design Lead,BOE,2025-11-16,2026-09-28,0.804,Kavita Chowdhury,Active
RA-00341,PRJ-2026-0047,EMP-0014,Project Manager,None,2025-12-01,2026-04-15,0.897,Arun Mukherjee,Active
RA-00342,PRJ-2026-0047,EMP-0053,Project Manager,BOE,2025-11-03,2026-05-24,0.919,Vandana Pillai,On Leave
RA-00343,PRJ-2026-0048,EMP-0031,Project Manager,Six Sigma,2025-12-04,2026-05-15,0.887,Manish Chatterjee,Completed
RA-00344,PRJ-2026-0048,EMP-0045,Design Lead,Six Sigma,2025-08-24,2026-05-23,0.792,Rohit Vaidya,Active
RA-00345,PRJ-2026-0048,EMP-0054,QA/QC Engineer,None,2026-03-22,2026-09-19,0.821,Manish Khanna,Active
RA-00346,PRJ-2026-0048,EMP-0017,Instrumentation Engineer,IOSH,2026-01-20,2026-04-30,0.782,Madhuri Kumar,Active
RA-00347,PRJ-2026-0048,EMP-0032,Project Manager,OSHA,2025-09-01,2026-09-14,0.961,Prakash Reddy,Re-assigned
RA-00348,PRJ-2026-0048,EMP-0001,Commissioning Engineer,OSHA,2026-03-15,2026-07-05,0.747,Neha Bose,Active
RA-00349,PRJ-2026-0048,EMP-0019,Site Engineer,PMP,2025-10-07,2026-07-05,0.815,Kiran Chopra,On Leave
RA-00350,PRJ-2026-0048,EMP-0026,Design Lead,Welding Level 3,2025-09-04,2026-07-20,0.767,Tarun Kapoor,On Leave
RA-00351,PRJ-2026-0048,EMP-0063,QA/QC Engineer,Six Sigma,2026-02-25,2026-08-15,0.721,Shweta Menon,Active
RA-00352,PRJ-2026-0048,EMP-0008,Mechanical Engineer,BOE,2025-10-25,2026-08-27,0.823,Gopal Malhotra,Active
RA-00353,PRJ-2026-0048,EMP-0037,QA/QC Engineer,IOSH,2025-08-16,2026-04-05,0.723,Ajay Chatterjee,Active
RA-00354,PRJ-2026-0048,EMP-0059,Safety Officer,HAZOP Lead,2025-11-28,2026-06-25,0.77,Shobha Chopra,On Leave
RA-00355,PRJ-2026-0049,EMP-0035,Design Lead,None,2025-11-30,2026-06-28,0.946,Amit Kapoor,Active
RA-00356,PRJ-2026-0049,EMP-0063,Electrical Engineer,Welding Level 3,2025-07-05,2026-05-07,0.953,Deepak Chopra,Active
RA-00357,PRJ-2026-0049,EMP-0048,Procurement Lead,HAZOP Lead,2026-01-31,2026-08-10,0.936,Kiran Agarwal,Active
RA-00358,PRJ-2026-0049,EMP-0052,Project Manager,OSHA,2026-01-27,2026-08-18,0.945,Aarti Kapoor,Active
RA-00359,PRJ-2026-0049,EMP-0072,Instrumentation Engineer,BOE,2025-12-19,2026-05-11,0.844,Kiran Sharma,Active
RA-00360,PRJ-2026-0049,EMP-0003,Safety Officer,BOE,2025-08-20,2026-05-26,0.805,Naveen Pillai,Active
RA-00361,PRJ-2026-0049,EMP-0014,QA/QC Engineer,Six Sigma,2025-11-14,2026-04-23,0.921,Nandita Pillai,Active
RA-00362,PRJ-2026-0049,EMP-0052,Instrumentation Engineer,PMP,2026-02-01,2026-07-13,0.838,Manish Kapoor,Completed
RA-00363,PRJ-2026-0049,EMP-0006,Safety Officer,PMP,2025-07-24,2026-04-07,0.78,Pooja Banerjee,Active
RA-00364,PRJ-2026-0049,EMP-0056,Procurement Lead,IBR Certified,2026-02-11,2026-09-22,0.861,Meera Mehta,On Leave
RA-00365,PRJ-2026-0050,EMP-0027,Mechanical Engineer,Six Sigma,2026-02-13,2026-09-22,0.89,Lakshmi Bose,Active
RA-00366,PRJ-2026-0050,EMP-0018,Commissioning Engineer,Welding Level 3,2025-12-01,2026-07-16,0.744,Aarti Sharma,Re-assigned
RA-00367,PRJ-2026-0050,EMP-0053,Site Engineer,HAZOP Lead,2025-08-04,2026-08-26,0.743,Vinod Kapoor,Re-assigned
RA-00368,PRJ-2026-0050,EMP-0016,Site Engineer,HAZOP Lead,2025-11-19,2026-10-07,0.839,Prakash Pillai,Active
RA-00369,PRJ-2026-0051,EMP-0063,Commissioning Engineer,Six Sigma,2025-10-04,2026-09-23,0.742,Nandita Mehta,Re-assigned
RA-00370,PRJ-2026-0051,EMP-0036,Project Manager,Six Sigma,2025-09-25,2026-07-19,0.908,Lakshmi Menon,Active
RA-00371,PRJ-2026-0051,EMP-0013,Instrumentation Engineer,IBR Certified,2025-11-02,2026-08-30,0.763,Arun Mehta,Active
RA-00372,PRJ-2026-0051,EMP-0006,Design Lead,Welding Level 3,2025-12-05,2026-08-29,0.753,Shweta Singh,Active
RA-00373,PRJ-2026-0052,EMP-0029,Instrumentation Engineer,IOSH,2026-03-06,2026-09-18,0.901,Jitendra Desai,Completed
RA-00374,PRJ-2026-0052,EMP-0039,Electrical Engineer,IOSH,2026-02-18,2026-09-08,0.838,Rajesh Menon,Completed
RA-00375,PRJ-2026-0052,EMP-0005,Procurement Lead,IOSH,2025-08-19,2026-09-21,0.741,Arun Desai,Active
RA-00376,PRJ-2026-0052,EMP-0020,Electrical Engineer,OSHA,2025-08-12,2026-08-21,0.895,Arun Chopra,Active
RA-00377,PRJ-2026-0052,EMP-0067,Procurement Lead,BOE,2025-10-05,2026-06-25,0.759,Raghav Pillai,Active
RA-00378,PRJ-2026-0052,EMP-0073,Commissioning Engineer,None,2025-08-17,2026-09-04,0.873,Ajay Bose,Completed
RA-00379,PRJ-2026-0052,EMP-0041,QA/QC Engineer,Welding Level 3,2026-03-12,2026-08-29,0.821,Ashok Pillai,On Leave
RA-00380,PRJ-2026-0052,EMP-0012,Instrumentation Engineer,OSHA,2026-01-17,2026-10-05,0.777,Shashi Pillai,Active
RA-00381,PRJ-2026-0052,EMP-0072,Mechanical Engineer,Six Sigma,2026-01-12,2026-10-05,0.849,Girish Mehta,Active
RA-00382,PRJ-2026-0052,EMP-0031,Project Manager,BOE,2026-02-13,2026-08-18,0.855,Anjali Joshi,Re-assigned
RA-00383,PRJ-2026-0052,EMP-0069,Site Engineer,HAZOP Lead,2025-11-09,2026-07-25,0.857,Sachin Nair,Active
RA-00384,PRJ-2026-0053,EMP-0063,Commissioning Engineer,IOSH,2025-11-30,2026-04-23,0.879,Kiran Iyer,Re-assigned
RA-00385,PRJ-2026-0053,EMP-0057,Site Engineer,Six Sigma,2026-02-09,2026-04-13,0.91,Shweta Menon,Active
RA-00386,PRJ-2026-0053,EMP-0036,Safety Officer,IBR Certified,2026-03-06,2026-04-06,0.723,Amit Verma,Active
RA-00387,PRJ-2026-0053,EMP-0004,Site Engineer,PMP,2025-12-28,2026-04-08,0.906,Nikhil Saxena,Active
RA-00388,PRJ-2026-0053,EMP-0011,Commissioning Engineer,None,2026-01-31,2026-06-28,0.916,Girish Pandey,Active
RA-00389,PRJ-2026-0053,EMP-0004,Design Lead,PMP,2025-10-13,2026-07-13,0.888,Ajay Mukherjee,Active
RA-00390,PRJ-2026-0053,EMP-0038,QA/QC Engineer,HAZOP Lead,2025-12-31,2026-09-27,0.856,Suresh Srivastava,Active
RA-00391,PRJ-2026-0053,EMP-0074,Procurement Lead,None,2025-10-26,2026-06-15,0.851,Vandana Patel,Active
RA-00392,PRJ-2026-0053,EMP-0023,QA/QC Engineer,BOE,2026-03-01,2026-07-30,0.815,Priya Mukherjee,On Leave
RA-00393,PRJ-2026-0053,EMP-0060,Project Manager,IBR Certified,2026-02-25,2026-10-18,0.886,Gopal Kapoor,On Leave
RA-00394,PRJ-2026-0054,EMP-0044,Site Engineer,PMP,2025-07-01,2026-08-09,0.853,Ritu Mishra,Re-assigned
RA-00395,PRJ-2026-0054,EMP-0016,Commissioning Engineer,Six Sigma,2026-01-05,2026-03-28,0.787,Sanjay Bansal,Completed
RA-00396,PRJ-2026-0054,EMP-0007,Safety Officer,HAZOP Lead,2025-12-25,2026-04-01,0.864,Jitendra Kumar,Re-assigned
RA-00397,PRJ-2026-0054,EMP-0006,Mechanical Engineer,IBR Certified,2025-08-26,2026-08-26,0.78,Raghav Vaidya,Re-assigned
RA-00398,PRJ-2026-0054,EMP-0059,Instrumentation Engineer,PMP,2026-03-14,2026-04-04,0.876,Nikhil Chatterjee,Active
RA-00399,PRJ-2026-0054,EMP-0017,Site Engineer,IBR Certified,2025-11-05,2026-03-27,0.732,Deepak Tiwari,Completed
RA-00400,PRJ-2026-0054,EMP-0068,Site Engineer,BOE,2025-06-25,2026-04-12,0.721,Nikhil Khanna,Active
RA-00401,PRJ-2026-0054,EMP-0023,Procurement Lead,None,2025-07-10,2026-08-16,0.849,Ashok Pillai,Re-assigned
RA-00402,PRJ-2026-0054,EMP-0009,Electrical Engineer,HAZOP Lead,2025-11-18,2026-09-09,0.888,Suresh Tiwari,Re-assigned
RA-00403,PRJ-2026-0055,EMP-0022,Procurement Lead,HAZOP Lead,2025-08-26,2026-08-03,0.76,Rohit Yadav,Active
RA-00404,PRJ-2026-0055,EMP-0017,Safety Officer,BOE,2025-08-14,2026-08-25,0.746,Vandana Khanna,Active
RA-00405,PRJ-2026-0055,EMP-0060,Project Manager,Six Sigma,2025-10-24,2026-05-10,0.817,Rakesh Pandey,Completed
RA-00406,PRJ-2026-0055,EMP-0006,Design Lead,Six Sigma,2025-11-25,2026-04-17,0.889,Pooja Pillai,Active
RA-00407,PRJ-2026-0055,EMP-0024,QA/QC Engineer,Welding Level 3,2026-03-11,2026-04-30,0.741,Ashok Agarwal,On Leave
RA-00408,PRJ-2026-0055,EMP-0036,QA/QC Engineer,BOE,2025-07-07,2026-10-13,0.913,Jitendra Gupta,Completed
RA-00409,PRJ-2026-0055,EMP-0031,Procurement Lead,BOE,2025-06-30,2026-09-03,0.928,Prakash Joshi,Active
RA-00410,PRJ-2026-0055,EMP-0018,Mechanical Engineer,IBR Certified,2025-09-29,2026-10-09,0.792,Nikhil Singh,Completed
